"username","email"
"ripluto","margaret87@gmail.com"
"keaton.gottlieb","josianne39@hotmail.com"
"bobbie53","bobbie53@yahoo.com"
"jan.prosacco","jan.prosacco@yahoo.com"
"kozey.jessyca","lenna.pacocha@hotmail.com"
"wintheiser.adelia","maxine.stroman@yahoo.com"
"petra51","kevon13@gmail.com"
"daphnee60","jerel50@yahoo.com"
"lavon.predovic","garnet62@hotmail.com"
"elvie45","candice59@hotmail.com"
"lizeth22","rharvey@yahoo.com"
"deonte78","reynolds.olen@hotmail.com"
"natalie.raynor","cali36@yahoo.com"
"bartoletti.lonnie","dhermiston@gmail.com"
"luella.senger","elvie32@hotmail.com"
"domenic.kuhlman","ycruickshank@yahoo.com"
"krystel78","georgette80@hotmail.com"
"kub.lucy","tschuster@hotmail.com"
"akris","bradtke.darrion@hotmail.com"
"wyman.estel","jarred39@yahoo.com"
"rschinner","maximillia.reichert@yahoo.com"
"leuschke.queen","gutmann.julia@yahoo.com"
"delia49","hilario.kuhic@yahoo.com"
"elyse81","nquitzon@hotmail.com"
"dianna95","tia28@yahoo.com"
"barton.freddy","nmckenzie@hotmail.com"
"markus26","yost.audie@hotmail.com"
"mireya.dach","tdickens@hotmail.com"
"deborah67","thiel.katharina@hotmail.com"
"amelie.hoppe","taryn07@yahoo.com"
"braden87","oreilly.susan@yahoo.com"
"armandosporer","hkilback@hotmail.com"
"collier.flavio","hilpert.judah@gmail.com"
"zieme.margot","amanda53@yahoo.com"
"orval.hoppe","edgar84@gmail.com"
"qlehner","carley.schmidt@yahoo.com"
"felton.gleason","jaida.kunde@hotmail.com"
"delilah70","xkuphal@hotmail.com"
"sid89","jenkins.katrine@gmail.com"
"franco66","njenkins@gmail.com"
"zula27","xander99@hotmail.com"
"delaney.ohara","ullrich.jessie@gmail.com"
"kasandra41","elinore36@hotmail.com"
"terry47","cicero77@yahoo.com"
"taryn91","nitzsche.kaleigh@hotmail.com"
"anabel.klocko","darrel.torphy@hotmail.com"
"ernestine41","davion77@hotmail.com"
"elnora90","blaise90@yahoo.com"
"albin.abernathy","jan77@yahoo.com"
"megane08","dibbert.jaeden@hotmail.com"
"vbrakus","xhudson@hotmail.com"
"phoebe16","rory16@yahoo.com"
"reynolds.abdullah","ybrakus@hotmail.com"
"gottlieb.tiana","berniece84@gmail.com"
"dooley.hermann","tremblay.elian@hotmail.com"
"olga.mann","yolanda.conroy@gmail.com"
"wisoky.abbie","nikki.hayes@hotmail.com"
"garett35","davion97@yahoo.com"
"brennon88","colt.gorczany@hotmail.com"
"ezekiel.jenkins","tlangosh@yahoo.com"
"mauricio90","prosacco.martine@hotmail.com"
"kihn.marisol","parker.rosamond@hotmail.com"
"aron02","smith.lambert@hotmail.com"
"stehr.anibal","littel.annabell@yahoo.com"
"kristofer12","greenfelder.mckenna@hotmail.com"
"schumm.gerardo","nbogan@gmail.com"
"zackary92","timmy.ritchie@hotmail.com"
"cassin.hortense","tbeatty@hotmail.com"
"barrows.ezra","rwillms@yahoo.com"
"wilhelm.hagenes","hjacobs@gmail.com"
"marisa.volkman","jaden45@yahoo.com"
"gutmann.anibal","retha84@yahoo.com"
"willard68","brakus.curtis@yahoo.com"
"emmerich.bettie","elaina68@yahoo.com"
"brayan77","greenfelder.terrell@yahoo.com"
"sherwood.sanford","isadore26@yahoo.com"
"reilly.cecilia","madilyn.kuhic@hotmail.com"
"donnelly.lamont","cory79@hotmail.com"
"liam.harber","princess73@yahoo.com"
"juanita70","nstokes@hotmail.com"
"mohammed29","barrows.mariana@hotmail.com"
"adela94","yost.marilou@hotmail.com"
"hilpert.leda","gschinner@hotmail.com"
"muller.wilmer","karley71@yahoo.com"
"lafayette47","qcollins@hotmail.com"
"marian01","daphne.greenfelder@yahoo.com"
"nella92","maybelle.schuster@hotmail.com"
"wisozk.arturo","yjacobi@gmail.com"
"okuneva.ebba","maeve00@gmail.com"
"bauch.tony","toney.towne@hotmail.com"
"hartmann.jordan","ron.koepp@hotmail.com"
"herzog.stefan","jedidiah07@hotmail.com"
"schultz.jordane","freddie49@hotmail.com"
"lavon54","nader.quinn@hotmail.com"
"randall33","rosemary30@hotmail.com"
"destiney77","hoppe.irma@yahoo.com"
"rafia9005","rafia9005@gmail.com"